Metric,Before SMOTE,After SMOTE
Accuracy,0.7935,0.6556666666666666
Precision,0.553012048192771,0.3433658329800763
Recall,0.3458929917106255,0.6103993971363979
